"","Company","Report_Date","Revenue","Last_Year_Revenue","Growth"
"1","BBT",2009-06-30,1.43e+09,NA,NA
"2","BBT",2009-09-30,1.468e+09,NA,NA
"3","BBT",2009-12-31,1.568e+09,NA,NA
"4","BBT",2010-03-31,1.583e+09,NA,NA
"5","BBT",2010-06-30,1.749e+09,1.43e+09,0.223
"6","BBT",2010-09-30,1.654e+09,1.468e+09,0.127
"7","BBT",2010-12-31,1.653e+09,1.568e+09,0.054
"8","BBT",2011-03-31,1.659e+09,1.583e+09,0.048
"9","BBT",2011-06-30,1.813e+09,1.749e+09,0.037
"10","BBT",2011-09-30,1.856e+09,1.654e+09,0.122
"11","BBT",2011-12-31,2.102e+09,1.653e+09,0.272
"12","BBT",2012-03-31,2.019e+09,1.659e+09,0.217
"13","BBT",2012-06-30,2.155e+09,1.813e+09,0.189
"14","BBT",2012-09-30,2.202e+09,1.856e+09,0.186
"15","BBT",2012-12-31,2.244e+09,2.102e+09,0.068
"16","BBT",2013-03-31,2.151e+09,2.019e+09,0.065
"17","BBT",2013-06-30,2.293e+09,2.155e+09,0.064
"18","BBT",2013-09-30,2.23e+09,2.202e+09,0.013
"19","BBT",2013-12-31,2.386e+09,2.244e+09,0.063
"20","BBT",2014-03-31,2.214e+09,2.151e+09,0.029
"21","BBT",2014-06-30,2.227e+09,2.293e+09,-0.029
"22","BBT",2014-09-30,2.264e+09,2.23e+09,0.015
"23","BBT",2014-12-31,2.274e+09,2.386e+09,-0.047
"24","BBT",2015-03-31,2.21e+09,2.214e+09,-0.002
"25","BBT",2015-06-30,2.234e+09,2.227e+09,0.003
"26","BBT",2015-09-30,2.349e+09,2.264e+09,0.038
"27","BBT",2015-12-31,2.39e+09,2.274e+09,0.051
"28","BBT",2016-03-31,2.361e+09,2.21e+09,0.068
"29","BBT",2016-06-30,2.636e+09,2.234e+09,0.18
"30","BBT",2016-09-30,2.626e+09,2.349e+09,0.118
"31","BBT",2016-12-31,2.598e+09,2.39e+09,0.087
"32","BBT",2017-03-31,2.632e+09,2.361e+09,0.115
"33","BBT",2017-06-30,2.72e+09,2.636e+09,0.032
"34","BBT",2017-09-30,2.687e+09,2.626e+09,0.023
"35","BBT",2017-12-31,2.731e+09,2.598e+09,0.051
"36","BBT",2018-03-31,2.663e+09,2.632e+09,0.012
"37","BBT",2018-06-30,2.744e+09,2.72e+09,0.009
"38","BBT",2018-09-30,2.791e+09,2.687e+09,0.039
"39","BBT",2018-12-31,2.794e+09,2.731e+09,0.023
"40","BBT",2019-03-31,2.743e+09,2.663e+09,0.03
"41","BBT",2019-06-30,2.87e+09,2.744e+09,0.046
"42","CFG",2013-09-30,1.008e+09,NA,NA
"43","CFG",2013-12-31,1.026e+09,NA,NA
"44","CFG",2014-03-31,1.045e+09,NA,NA
"45","CFG",2014-06-30,1.424e+09,NA,NA
"46","CFG",2014-09-30,1.084e+09,1.008e+09,0.075
"47","CFG",2014-12-31,1.107e+09,1.026e+09,0.079
"48","CFG",2015-03-31,1.125e+09,1.045e+09,0.077
"49","CFG",2015-06-30,1.123e+09,1.424e+09,-0.211
"50","CFG",2015-09-30,1.133e+09,1.084e+09,0.045
"51","CFG",2015-12-31,1.141e+09,1.107e+09,0.031
"52","CFG",2016-03-31,1.143e+09,1.125e+09,0.016
"53","CFG",2016-06-30,1.188e+09,1.123e+09,0.058
"54","CFG",2016-09-30,1.294e+09,1.133e+09,0.142
"55","CFG",2016-12-31,1.261e+09,1.141e+09,0.105
"56","CFG",2017-03-31,1.288e+09,1.143e+09,0.127
"57","CFG",2017-06-30,1.326e+09,1.188e+09,0.116
"58","CFG",2017-09-30,1.371e+09,1.294e+09,0.06
"59","CFG",2017-12-31,1.401e+09,1.261e+09,0.111
"60","CFG",2018-03-31,1.384e+09,1.288e+09,0.075
"61","CFG",2018-06-30,1.424e+09,1.326e+09,0.074
"62","CFG",2018-09-30,1.486e+09,1.371e+09,0.084
"63","CFG",2018-12-31,1.508e+09,1.401e+09,0.076
"64","CFG",2019-03-31,1.503e+09,1.384e+09,0.086
"65","CMA",2009-06-30,3.88e+08,NA,NA
"66","CMA",2009-09-30,3.89e+08,NA,NA
"67","CMA",2009-12-31,3.54e+08,NA,NA
"68","CMA",2010-03-31,4.34e+08,NA,NA
"69","CMA",2010-06-30,4.9e+08,3.88e+08,0.263
"70","CMA",2010-09-30,4.68e+08,3.89e+08,0.203
"71","CMA",2010-12-31,5.65e+08,3.54e+08,0.596
"72","CMA",2011-03-31,5.53e+08,4.34e+08,0.274
"73","CMA",2011-06-30,5.48e+08,4.9e+08,0.118
"74","CMA",2011-09-30,5.89e+08,4.68e+08,0.259
"75","CMA",2011-12-31,6.08e+08,5.65e+08,0.076
"76","CMA",2012-03-31,6.26e+08,5.53e+08,0.132
"77","CMA",2012-06-30,6.27e+08,5.48e+08,0.144
"78","CMA",2012-09-30,6.02e+08,5.89e+08,0.022
"79","CMA",2012-12-31,6.64e+08,6.08e+08,0.092
"80","CMA",2013-03-31,6.13e+08,6.26e+08,-0.021
"81","CMA",2013-06-30,6.23e+08,6.27e+08,-0.006
"82","CMA",2013-09-30,6.32e+08,6.02e+08,0.05
"83","CMA",2013-12-31,6.4e+08,6.64e+08,-0.036
"84","CMA",2014-03-31,6.09e+08,6.13e+08,-0.007
"85","CMA",2014-06-30,6.25e+08,6.23e+08,0.003
"86","CMA",2014-09-30,6.24e+08,6.32e+08,-0.013
"87","CMA",2014-12-31,6.27e+08,6.4e+08,-0.02
"88","CMA",2015-03-31,6.51e+08,6.09e+08,0.069
"89","CMA",2015-06-30,6.32e+08,6.25e+08,0.011
"90","CMA",2015-09-30,6.56e+08,6.24e+08,0.051
"91","CMA",2015-12-31,6.39e+08,6.27e+08,0.019
"92","CMA",2016-03-31,5.43e+08,6.51e+08,-0.166
"93","CMA",2016-06-30,6.64e+08,6.32e+08,0.051
"94","CMA",2016-09-30,7.06e+08,6.56e+08,0.076
"95","CMA",2016-12-31,6.87e+08,6.39e+08,0.075
"96","CMA",2017-03-31,7.25e+08,5.43e+08,0.335
"97","CMA",2017-06-30,7.59e+08,6.64e+08,0.143
"98","CMA",2017-09-30,7.97e+08,7.06e+08,0.129
"99","CMA",2017-12-31,8.13e+08,6.87e+08,0.183
"100","CMA",2018-03-31,7.81e+08,7.25e+08,0.077
"101","CMA",2018-06-30,8.67e+08,7.59e+08,0.142
"102","CMA",2018-09-30,8.33e+08,7.97e+08,0.045
"103","CMA",2018-12-31,8.48e+08,8.13e+08,0.043
"104","CMA",2019-03-31,8.57e+08,7.81e+08,0.097
"105","CMA",2019-06-30,8.09e+08,8.67e+08,-0.067
"106","FITB",2009-06-30,2.373e+09,NA,NA
"107","FITB",2009-09-30,7.68e+08,NA,NA
"108","FITB",2009-12-31,7.53e+08,NA,NA
"109","FITB",2010-03-31,9.34e+08,NA,NA
"110","FITB",2010-06-30,1.177e+09,2.373e+09,-0.504
"111","FITB",2010-09-30,1.282e+09,7.68e+08,0.669
"112","FITB",2010-12-31,1.403e+09,7.53e+08,0.863
"113","FITB",2011-03-31,1.295e+09,9.34e+08,0.387
"114","FITB",2011-06-30,1.407e+09,1.177e+09,0.195
"115","FITB",2011-09-30,1.476e+09,1.282e+09,0.151
"116","FITB",2011-12-31,1.411e+09,1.403e+09,0.006
"117","FITB",2012-03-31,1.576e+09,1.295e+09,0.217
"118","FITB",2012-06-30,1.502e+09,1.407e+09,0.068
"119","FITB",2012-09-30,1.509e+09,1.476e+09,0.022
"120","FITB",2012-12-31,1.703e+09,1.411e+09,0.207
"121","FITB",2013-03-31,1.569e+09,1.576e+09,-0.004
"122","FITB",2013-06-30,1.876e+09,1.502e+09,0.249
"123","FITB",2013-09-30,1.563e+09,1.509e+09,0.036
"124","FITB",2013-12-31,1.55e+09,1.703e+09,-0.09
"125","FITB",2014-03-31,1.388e+09,1.569e+09,-0.115
"126","FITB",2014-06-30,1.56e+09,1.876e+09,-0.168
"127","FITB",2014-09-30,1.352e+09,1.563e+09,-0.135
"128","FITB",2014-12-31,1.436e+09,1.55e+09,-0.074
"129","FITB",2015-03-31,1.408e+09,1.388e+09,0.014
"130","FITB",2015-06-30,1.364e+09,1.56e+09,-0.126
"131","FITB",2015-09-30,1.458e+09,1.352e+09,0.078
"132","FITB",2015-12-31,1.909e+09,1.436e+09,0.329
"133","FITB",2016-03-31,1.421e+09,1.408e+09,0.009
"134","FITB",2016-06-30,1.41e+09,1.364e+09,0.034
"135","FITB",2016-09-30,1.667e+09,1.458e+09,0.143
"136","FITB",2016-12-31,1.47e+09,1.909e+09,-0.23
"137","FITB",2017-03-31,1.382e+09,1.421e+09,-0.027
"138","FITB",2017-06-30,1.451e+09,1.41e+09,0.029
"139","FITB",2017-09-30,2.464e+09,1.667e+09,0.478
"140","FITB",2017-12-31,1.464e+09,1.47e+09,-0.004
"141","FITB",2018-03-31,1.892e+09,1.382e+09,0.369
"142","FITB",2018-06-30,1.73e+09,1.451e+09,0.192
"143","FITB",2018-09-30,1.52e+09,2.464e+09,-0.383
"144","FITB",2018-12-31,1.561e+09,1.464e+09,0.066
"145","FITB",2019-03-31,2.093e+09,1.892e+09,0.106
"146","HBAN",2009-06-30,202137000,NA,NA
"147","HBAN",2009-09-30,143735000,NA,NA
"148","HBAN",2009-12-31,-275382000,NA,NA
"149","HBAN",2010-03-31,399737000,NA,NA
"150","HBAN",2010-06-30,475893000,202137000,1.354
"151","HBAN",2010-09-30,557945000,143735000,2.882
"152","HBAN",2010-12-31,592541000,-275382000,-3.152
"153","HBAN",2011-03-31,591890000,399737000,0.481
"154","HBAN",2011-06-30,623307000,475893000,0.31
"155","HBAN",2011-09-30,621451000,557945000,0.114
"156","HBAN",2011-12-31,599086000,592541000,0.011
"157","HBAN",2012-03-31,668123000,591890000,0.129
"158","HBAN",2012-06-30,646261000,623307000,0.037
"159","HBAN",2012-09-30,654361000,621451000,0.053
"160","HBAN",2012-12-31,700712000,599086000,0.17
"161","HBAN",2013-03-31,651196000,668123000,-0.025
"162","HBAN",2013-06-30,652134000,646261000,0.009
"163","HBAN",2013-09-30,667219000,654361000,0.02
"164","HBAN",2013-12-31,656210000,700712000,-0.064
"165","HBAN",2014-03-31,661361000,651196000,0.016
"166","HBAN",2014-06-30,680730000,652134000,0.044
"167","HBAN",2014-09-30,689204000,667219000,0.033
"168","HBAN",2014-12-31,704036000,656210000,0.073
"169","HBAN",2015-03-31,678717000,661361000,0.026
"170","HBAN",2015-06-30,752040000,680730000,0.105
"171","HBAN",2015-09-30,726098000,689204000,0.054
"172","HBAN",2015-12-31,733145000,704036000,0.041
"173","HBAN",2016-03-31,717351000,678717000,0.057
"174","HBAN",2016-06-30,752484000,752040000,0.001
"175","HBAN",2016-09-30,8.64e+08,726098000,0.19
"176","HBAN",2016-12-31,994165000,733145000,0.356
"177","HBAN",2017-03-31,9.74e+08,717351000,0.358
"178","HBAN",2017-06-30,1.045e+09,752484000,0.389
"179","HBAN",2017-09-30,1.045e+09,8.64e+08,0.209
"180","HBAN",2017-12-31,1.044e+09,994165000,0.05
"181","HBAN",2018-03-31,1.018e+09,9.74e+08,0.045
"182","HBAN",2018-06-30,1.064e+09,1.045e+09,0.018
"183","HBAN",2018-09-30,1.091e+09,1.045e+09,0.044
"184","HBAN",2018-12-31,1.102e+09,1.044e+09,0.056
"185","HBAN",2019-03-31,1.074e+09,1.018e+09,0.055
"186","HBAN",2019-06-30,1.127e+09,1.064e+09,0.059
"187","KEY",2009-06-30,4.52e+08,NA,NA
"188","KEY",2009-09-30,2.41e+08,NA,NA
"189","KEY",2009-12-31,3.43e+08,NA,NA
"190","KEY",2010-03-31,6.62e+08,NA,NA
"191","KEY",2010-06-30,8.81e+08,4.52e+08,0.949
"192","KEY",2010-09-30,1.032e+09,2.41e+08,3.282
"193","KEY",2010-12-31,1.252e+09,3.43e+08,2.65
"194","KEY",2011-03-31,1.094e+09,6.62e+08,0.653
"195","KEY",2011-06-30,1.026e+09,8.81e+08,0.165
"196","KEY",2011-09-30,1.022e+09,1.032e+09,-0.01
"197","KEY",2011-12-31,8.73e+08,1.252e+09,-0.303
"198","KEY",2012-03-31,9.53e+08,1.094e+09,-0.129
"199","KEY",2012-06-30,9.74e+08,1.026e+09,-0.051
"200","KEY",2012-09-30,9.81e+08,1.022e+09,-0.04
"201","KEY",2012-12-31,9.83e+08,8.73e+08,0.126
"202","KEY",2013-03-31,9.53e+08,9.53e+08,0
"203","KEY",2013-06-30,9.82e+08,9.74e+08,0.008
"204","KEY",2013-09-30,1.009e+09,9.81e+08,0.029
"205","KEY",2013-12-31,1.009e+09,9.83e+08,0.026
"206","KEY",2014-03-31,9.94e+08,9.53e+08,0.043
"207","KEY",2014-06-30,1.016e+09,9.82e+08,0.035
"208","KEY",2014-09-30,9.73e+08,1.009e+09,-0.036
"209","KEY",2014-12-31,1.05e+09,1.009e+09,0.041
"210","KEY",2015-03-31,9.73e+08,9.94e+08,-0.021
"211","KEY",2015-06-30,1.031e+09,1.016e+09,0.015
"212","KEY",2015-09-30,1.016e+09,9.73e+08,0.044
"213","KEY",2015-12-31,1.042e+09,1.05e+09,-0.008
"214","KEY",2016-03-31,9.46e+08,9.73e+08,-0.028
"215","KEY",2016-06-30,1.018e+09,1.031e+09,-0.013
"216","KEY",2016-09-30,1.27e+09,1.016e+09,0.25
"217","KEY",2016-12-31,1.49e+09,1.042e+09,0.43
"218","KEY",2017-03-31,1.432e+09,9.46e+08,0.514
"219","KEY",2017-06-30,1.56e+09,1.018e+09,0.532
"220","KEY",2017-09-30,1.489e+09,1.27e+09,0.172
"221","KEY",2017-12-31,1.545e+09,1.49e+09,0.037
"222","KEY",2018-03-31,1.484e+09,1.432e+09,0.036
"223","KEY",2018-06-30,1.575e+09,1.56e+09,0.01
"224","KEY",2018-09-30,1.533e+09,1.489e+09,0.03
"225","KEY",2018-12-31,1.586e+09,1.545e+09,0.027
"226","KEY",2019-03-31,1.451e+09,1.484e+09,-0.022
"227","KEY",2019-06-30,1.529e+09,1.575e+09,-0.029
"228","MTB",2009-06-30,626216000,NA,NA
"229","MTB",2009-09-30,671881000,NA,NA
"230","MTB",2009-12-31,679609000,NA,NA
"231","MTB",2010-03-31,709040000,NA,NA
"232","MTB",2010-06-30,755784000,626216000,0.207
"233","MTB",2010-09-30,766767000,671881000,0.141
"234","MTB",2010-12-31,776035000,679609000,0.142
"235","MTB",2011-03-31,808224000,709040000,0.14
"236","MTB",2011-06-30,1024858000,755784000,0.356
"237","MTB",2011-09-30,927101000,766767000,0.209
"238","MTB",2011-12-31,942485000,776035000,0.214
"239","MTB",2012-03-31,948112000,808224000,0.173
"240","MTB",2012-06-30,979633000,1024858000,-0.044
"241","MTB",2012-09-30,1062455000,927101000,0.146
"242","MTB",2012-12-31,1071586000,942485000,0.137
"243","MTB",2013-03-31,1050932000,948112000,0.108
"244","MTB",2013-06-30,1129276000,979633000,0.153
"245","MTB",2013-09-30,1102496000,1062455000,0.038
"246","MTB",2013-12-31,1070730000,1071586000,-0.001
"247","MTB",2014-03-31,1044540000,1050932000,-0.006
"248","MTB",2014-06-30,1095526000,1129276000,-0.03
"249","MTB",2014-09-30,1091170000,1102496000,-0.01
"250","MTB",2014-12-31,1100483000,1070730000,0.028
"251","MTB",2015-03-31,1061791000,1044540000,0.017
"252","MTB",2015-06-30,1150155000,1095526000,0.05
"253","MTB",2015-09-30,1088526000,1091170000,-0.002
"254","MTB",2015-12-31,1197152000,1100483000,0.088
"255","MTB",2016-03-31,1243897000,1061791000,0.172
"256","MTB",2016-06-30,1280073000,1150155000,0.113
"257","MTB",2016-09-30,1302690000,1088526000,0.197
"258","MTB",2016-12-31,1279223000,1197152000,0.069
"259","MTB",2017-03-31,1306105000,1243897000,0.05
"260","MTB",2017-06-30,1347016000,1280073000,0.052
"261","MTB",2017-09-30,1386563000,1302690000,0.064
"262","MTB",2017-12-31,1424503000,1279223000,0.114
"263","MTB",2018-03-31,1391213000,1306105000,0.065
"264","MTB",2018-06-30,1431201000,1347016000,0.062
"265","MTB",2018-09-30,1472332000,1386563000,0.062
"266","MTB",2018-12-31,1501556000,1424503000,0.054
"267","MTB",2019-03-31,1528825000,1391213000,0.099
"268","PNC",2009-06-30,3.803e+09,NA,NA
"269","PNC",2009-09-30,3.853e+09,NA,NA
"270","PNC",2009-12-31,4.886e+09,NA,NA
"271","PNC",2010-03-31,3.763e+09,NA,NA
"272","PNC",2010-06-30,3.912e+09,3.803e+09,0.029
"273","PNC",2010-09-30,3.598e+09,3.853e+09,-0.066
"274","PNC",2010-12-31,3.903e+09,4.886e+09,-0.201
"275","PNC",2011-03-31,3.631e+09,3.763e+09,-0.035
"276","PNC",2011-06-30,3.602e+09,3.912e+09,-0.079
"277","PNC",2011-09-30,3.544e+09,3.598e+09,-0.015
"278","PNC",2011-12-31,3.549e+09,3.903e+09,-0.091
"279","PNC",2012-03-31,3.732e+09,3.631e+09,0.028
"280","PNC",2012-06-30,3.623e+09,3.602e+09,0.006
"281","PNC",2012-09-30,4.088e+09,3.544e+09,0.153
"282","PNC",2012-12-31,4.069e+09,3.549e+09,0.147
"283","PNC",2013-03-31,3.955e+09,3.732e+09,0.06
"284","PNC",2013-06-30,4.064e+09,3.623e+09,0.122
"285","PNC",2013-09-30,3.92e+09,4.088e+09,-0.041
"286","PNC",2013-12-31,4.073e+09,4.069e+09,0.001
"287","PNC",2014-03-31,3.777e+09,3.955e+09,-0.045
"288","PNC",2014-06-30,3.81e+09,4.064e+09,-0.062
"289","PNC",2014-09-30,3.841e+09,3.92e+09,-0.02
"290","PNC",2014-12-31,3.947e+09,4.073e+09,-0.031
"291","PNC",2015-03-31,3.731e+09,3.777e+09,-0.012
"292","PNC",2015-06-30,3.866e+09,3.81e+09,0.015
"293","PNC",2015-09-30,3.775e+09,3.841e+09,-0.017
"294","PNC",2015-12-31,3.853e+09,3.947e+09,-0.024
"295","PNC",2016-03-31,3.665e+09,3.731e+09,-0.018
"296","PNC",2016-06-30,3.794e+09,3.866e+09,-0.019
"297","PNC",2016-09-30,3.829e+09,3.775e+09,0.014
"298","PNC",2016-12-31,3.874e+09,3.853e+09,0.005
"299","PNC",2017-03-31,3.884e+09,3.665e+09,0.06
"300","PNC",2017-06-30,4.06e+09,3.794e+09,0.07
"301","PNC",2017-09-30,4.125e+09,3.829e+09,0.077
"302","PNC",2017-12-31,4.26e+09,3.874e+09,0.1
"303","PNC",2018-03-31,4.111e+09,3.884e+09,0.058
"304","PNC",2018-06-30,4.324e+09,4.06e+09,0.065
"305","PNC",2018-09-30,4.357e+09,4.125e+09,0.056
"306","PNC",2018-12-31,4.34e+09,4.26e+09,0.019
"307","PNC",2019-03-31,4.286e+09,4.111e+09,0.043
"308","PNC",2019-06-30,4.439e+09,4.324e+09,0.027
"309","STI",2009-06-30,1199151000,NA,NA
"310","STI",2009-09-30,778580000,NA,NA
"311","STI",2009-12-31,945031000,NA,NA
"312","STI",2010-03-31,1.008e+09,NA,NA
"313","STI",2010-06-30,1.468e+09,1199151000,0.224
"314","STI",2010-09-30,1.67e+09,778580000,1.145
"315","STI",2010-12-31,1.786e+09,945031000,0.89
"316","STI",2011-03-31,1.685e+09,1.008e+09,0.672
"317","STI",2011-06-30,1.779e+09,1.468e+09,0.212
"318","STI",2011-09-30,1.819e+09,1.67e+09,0.089
"319","STI",2011-12-31,1.69e+09,1.786e+09,-0.054
"320","STI",2012-03-31,1.87e+09,1.685e+09,0.11
"321","STI",2012-06-30,1.914e+09,1.779e+09,0.076
"322","STI",2012-09-30,3.363e+09,1.819e+09,0.849
"323","STI",2012-12-31,1.933e+09,1.69e+09,0.144
"324","STI",2013-03-31,1.872e+09,1.87e+09,0.001
"325","STI",2013-06-30,1.923e+09,1.914e+09,0.005
"326","STI",2013-09-30,1.793e+09,3.363e+09,-0.467
"327","STI",2013-12-31,1.926e+09,1.933e+09,-0.004
"328","STI",2014-03-31,1.893e+09,1.872e+09,0.011
"329","STI",2014-06-30,2.093e+09,1.923e+09,0.088
"330","STI",2014-09-30,1.902e+09,1.793e+09,0.061
"331","STI",2014-12-31,1.932e+09,1.926e+09,0.003
"332","STI",2015-03-31,1.902e+09,1.893e+09,0.005
"333","STI",2015-06-30,2.015e+09,2.093e+09,-0.037
"334","STI",2015-09-30,1.99e+09,1.902e+09,0.046
"335","STI",2015-12-31,1.96e+09,1.932e+09,0.014
"336","STI",2016-03-31,1.962e+09,1.902e+09,0.032
"337","STI",2016-06-30,2.04e+09,2.015e+09,0.012
"338","STI",2016-09-30,2.1e+09,1.99e+09,0.055
"339","STI",2016-12-31,2.057e+09,1.96e+09,0.049
"340","STI",2017-03-31,2.094e+09,1.962e+09,0.067
"341","STI",2017-06-30,2.14e+09,2.04e+09,0.049
"342","STI",2017-09-30,2.156e+09,2.1e+09,0.027
"343","STI",2017-12-31,2.189e+09,2.057e+09,0.064
"344","STI",2018-03-31,2.209e+09,2.094e+09,0.055
"345","STI",2018-06-30,2.285e+09,2.14e+09,0.068
"346","STI",2018-09-30,2.233e+09,2.156e+09,0.036
"347","STI",2018-12-31,2.278e+09,2.189e+09,0.041
"348","STI",2019-03-31,2.175e+09,2.209e+09,-0.015
"349","USB",2009-06-30,2.714e+09,NA,NA
"350","USB",2009-09-30,2.744e+09,NA,NA
"351","USB",2009-12-31,2.938e+09,NA,NA
"352","USB",2010-03-31,2.96e+09,NA,NA
"353","USB",2010-06-30,3.328e+09,2.714e+09,0.226
"354","USB",2010-09-30,3.539e+09,2.744e+09,0.29
"355","USB",2010-12-31,3.756e+09,2.938e+09,0.278
"356","USB",2011-03-31,3.709e+09,2.96e+09,0.253
"357","USB",2011-06-30,4.062e+09,3.328e+09,0.221
"358","USB",2011-09-30,4.218e+09,3.539e+09,0.192
"359","USB",2011-12-31,4.551e+09,3.756e+09,0.212
"360","USB",2012-03-31,4.392e+09,3.709e+09,0.184
"361","USB",2012-06-30,4.543e+09,4.062e+09,0.118
"362","USB",2012-09-30,4.634e+09,4.218e+09,0.099
"363","USB",2012-12-31,4.613e+09,4.551e+09,0.014
"364","USB",2013-03-31,4.415e+09,4.392e+09,0.005
"365","USB",2013-06-30,4.53e+09,4.543e+09,-0.003
"366","USB",2013-09-30,4.537e+09,4.634e+09,-0.021
"367","USB",2013-12-31,4.556e+09,4.613e+09,-0.012
"368","USB",2014-03-31,4.452e+09,4.415e+09,0.008
"369","USB",2014-06-30,4.809e+09,4.53e+09,0.062
"370","USB",2014-09-30,4.623e+09,4.537e+09,0.019
"371","USB",2014-12-31,4.826e+09,4.556e+09,0.059
"372","USB",2015-03-31,4.588e+09,4.452e+09,0.031
"373","USB",2015-06-30,4.707e+09,4.809e+09,-0.021
"374","USB",2015-09-30,4.812e+09,4.623e+09,0.041
"375","USB",2015-12-31,4.854e+09,4.826e+09,0.006
"376","USB",2016-03-31,4.654e+09,4.588e+09,0.014
"377","USB",2016-06-30,5.07e+09,4.707e+09,0.077
"378","USB",2016-09-30,5.013e+09,4.812e+09,0.042
"379","USB",2016-12-31,4.895e+09,4.854e+09,0.008
"380","USB",2017-03-31,4.894e+09,4.654e+09,0.052
"381","USB",2017-06-30,5.047e+09,5.07e+09,-0.005
"382","USB",2017-09-30,5.156e+09,5.013e+09,0.029
"383","USB",2017-12-31,5.21e+09,4.895e+09,0.064
"384","USB",2018-03-31,5.099e+09,4.894e+09,0.042
"385","USB",2018-06-30,5.284e+09,5.047e+09,0.047
"386","USB",2018-09-30,5.326e+09,5.156e+09,0.033
"387","USB",2018-12-31,5.433e+09,5.21e+09,0.043
"388","USB",2019-03-31,5.173e+09,5.099e+09,0.015
"389","USB",2019-06-30,5.43e+09,5.284e+09,0.028
"390","WFC",2009-06-30,1.7421e+10,NA,NA
"391","WFC",2009-09-30,1.6355e+10,NA,NA
"392","WFC",2009-12-31,1.6783e+10,NA,NA
"393","WFC",2010-03-31,1.6118e+10,NA,NA
"394","WFC",2010-06-30,1.7405e+10,1.7421e+10,-0.001
"395","WFC",2010-09-30,1.7429e+10,1.6355e+10,0.066
"396","WFC",2010-12-31,1.8505e+10,1.6783e+10,0.103
"397","WFC",2011-03-31,1.8119e+10,1.6118e+10,0.124
"398","WFC",2011-06-30,1.8548e+10,1.7405e+10,0.066
"399","WFC",2011-09-30,1.7817e+10,1.7429e+10,0.022
"400","WFC",2011-12-31,1.8565e+10,1.8505e+10,0.003
"401","WFC",2012-03-31,1.9641e+10,1.8119e+10,0.084
"402","WFC",2012-06-30,1.9489e+10,1.8548e+10,0.051
"403","WFC",2012-09-30,1.9622e+10,1.7817e+10,0.101
"404","WFC",2012-12-31,2.0117e+10,1.8565e+10,0.084
"405","WFC",2013-03-31,2.004e+10,1.9641e+10,0.02
"406","WFC",2013-06-30,2.0726e+10,1.9489e+10,0.063
"407","WFC",2013-09-30,2.0403e+10,1.9622e+10,0.04
"408","WFC",2013-12-31,2.0302e+10,2.0117e+10,0.009
"409","WFC",2014-03-31,2.03e+10,2.004e+10,0.013
"410","WFC",2014-06-30,2.0849e+10,2.0726e+10,0.006
"411","WFC",2014-09-30,2.0845e+10,2.0403e+10,0.022
"412","WFC",2014-12-31,2.0958e+10,2.0302e+10,0.032
"413","WFC",2015-03-31,2.067e+10,2.03e+10,0.018
"414","WFC",2015-06-30,2.1018e+10,2.0849e+10,0.008
"415","WFC",2015-09-30,2.1172e+10,2.0845e+10,0.016
"416","WFC",2015-12-31,2.0755e+10,2.0958e+10,-0.01
"417","WFC",2016-03-31,2.1109e+10,2.067e+10,0.021
"418","WFC",2016-06-30,2.1088e+10,2.1018e+10,0.003
"419","WFC",2016-09-30,2.1523e+10,2.1172e+10,0.017
"420","WFC",2016-12-31,2.0777e+10,2.0755e+10,0.001
"421","WFC",2017-03-31,2.165e+10,2.1109e+10,0.026
"422","WFC",2017-06-30,2.168e+10,2.1088e+10,0.028
"423","WFC",2017-09-30,2.1132e+10,2.1523e+10,-0.018
"424","WFC",2017-12-31,2.1399e+10,2.0777e+10,0.03
"425","WFC",2018-03-31,2.1743e+10,2.165e+10,0.004
"426","WFC",2018-06-30,2.1101e+10,2.168e+10,-0.027
"427","WFC",2018-09-30,2.1361e+10,2.1132e+10,0.011
"428","WFC",2018-12-31,2.0459e+10,2.1399e+10,-0.044
"429","WFC",2019-03-31,2.0764e+10,2.1743e+10,-0.045
"430","ZION",2009-06-30,343770000,NA,NA
"431","ZION",2009-09-30,176990000,NA,NA
"432","ZION",2009-12-31,132057000,NA,NA
"433","ZION",2010-03-31,297345000,NA,NA
"434","ZION",2010-06-30,294096000,343770000,-0.144
"435","ZION",2010-09-30,377407000,176990000,1.132
"436","ZION",2010-12-31,346310000,132057000,1.622
"437","ZION",2011-03-31,497999000,297345000,0.675
"438","ZION",2011-06-30,543191000,294096000,0.847
"439","ZION",2011-09-30,577084000,377407000,0.529
"440","ZION",2011-12-31,561563000,346310000,0.622
"441","ZION",2012-03-31,533634000,497999000,0.072
"442","ZION",2012-06-30,544156000,543191000,0.002
"443","ZION",2012-09-30,565276000,577084000,-0.02
"444","ZION",2012-12-31,494517000,561563000,-0.119
"445","ZION",2013-03-31,568369000,533634000,0.065
"446","ZION",2013-06-30,577795000,544156000,0.062
"447","ZION",2013-09-30,543284000,565276000,-0.039
"448","ZION",2013-12-31,431423000,494517000,-0.128
"449","ZION",2014-03-31,555394000,568369000,-0.023
"450","ZION",2014-06-30,595549000,577795000,0.031
"451","ZION",2014-09-30,587533000,543284000,0.081
"452","ZION",2014-12-31,532314000,431423000,0.234
"453","ZION",2015-03-31,536178000,555394000,-0.035
"454","ZION",2015-06-30,418456000,595549000,-0.297
"455","ZION",2015-09-30,533059000,587533000,-0.093
"456","ZION",2015-12-31,544307000,532314000,0.023
"457","ZION",2016-03-31,5.28e+08,536178000,-0.015
"458","ZION",2016-06-30,5.56e+08,418456000,0.329
"459","ZION",2016-09-30,5.95e+08,533059000,0.116
"460","ZION",2016-12-31,6.11e+08,544307000,0.123
"461","ZION",2017-03-31,5.98e+08,5.28e+08,0.133
"462","ZION",2017-06-30,6.53e+08,5.56e+08,0.174
"463","ZION",2017-09-30,6.56e+08,5.95e+08,0.103
"464","ZION",2017-12-31,6.77e+08,6.11e+08,0.108
"465","ZION",2018-03-31,7.27e+08,5.98e+08,0.216
"466","ZION",2018-06-30,6.81e+08,6.53e+08,0.043
"467","ZION",2018-09-30,7.12e+08,6.56e+08,0.085
"468","ZION",2018-12-31,7.09e+08,6.77e+08,0.047
"469","ZION",2019-03-31,7.04e+08,7.27e+08,-0.032
