"","Company","Report_Date","Revenue","Last_Year_Revenue","growth","ranked_growth"
"1","BBT",2011-12-31,2.102e+09,1.653e+09,0.272,1
"2","BBT",2010-06-30,1.749e+09,1.43e+09,0.223,2
"3","BBT",2012-03-31,2.019e+09,1.659e+09,0.217,3
"4","BBT",2012-06-30,2.155e+09,1.813e+09,0.189,4
"5","BBT",2012-09-30,2.202e+09,1.856e+09,0.186,5
"6","BBT",2016-06-30,2.636e+09,2.234e+09,0.18,6
"7","BBT",2010-09-30,1.654e+09,1.468e+09,0.127,7
"8","BBT",2011-09-30,1.856e+09,1.654e+09,0.122,8
"9","BBT",2016-09-30,2.626e+09,2.349e+09,0.118,9
"10","BBT",2017-03-31,2.632e+09,2.361e+09,0.115,10
"11","BBT",2016-12-31,2.598e+09,2.39e+09,0.087,11
"12","BBT",2012-12-31,2.244e+09,2.102e+09,0.068,12
"13","BBT",2016-03-31,2.361e+09,2.21e+09,0.068,12
"14","BBT",2013-03-31,2.151e+09,2.019e+09,0.065,13
"15","BBT",2013-06-30,2.293e+09,2.155e+09,0.064,14
"16","BBT",2013-12-31,2.386e+09,2.244e+09,0.063,15
"17","BBT",2010-12-31,1.653e+09,1.568e+09,0.054,16
"18","BBT",2015-12-31,2.39e+09,2.274e+09,0.051,17
"19","BBT",2017-12-31,2.731e+09,2.598e+09,0.051,17
"20","BBT",2011-03-31,1.659e+09,1.583e+09,0.048,18
"21","BBT",2019-06-30,2.87e+09,2.744e+09,0.046,19
"22","BBT",2018-09-30,2.791e+09,2.687e+09,0.039,20
"23","BBT",2015-09-30,2.349e+09,2.264e+09,0.038,21
"24","BBT",2011-06-30,1.813e+09,1.749e+09,0.037,22
"25","BBT",2017-06-30,2.72e+09,2.636e+09,0.032,23
"26","BBT",2019-03-31,2.743e+09,2.663e+09,0.03,24
"27","BBT",2014-03-31,2.214e+09,2.151e+09,0.029,25
"28","BBT",2017-09-30,2.687e+09,2.626e+09,0.023,26
"29","BBT",2018-12-31,2.794e+09,2.731e+09,0.023,26
"30","BBT",2014-09-30,2.264e+09,2.23e+09,0.015,27
"31","BBT",2013-09-30,2.23e+09,2.202e+09,0.013,28
"32","BBT",2018-03-31,2.663e+09,2.632e+09,0.012,29
"33","BBT",2018-06-30,2.744e+09,2.72e+09,0.009,30
"34","BBT",2015-06-30,2.234e+09,2.227e+09,0.003,31
"35","BBT",2015-03-31,2.21e+09,2.214e+09,-0.002,32
"36","BBT",2014-06-30,2.227e+09,2.293e+09,-0.029,33
"37","BBT",2014-12-31,2.274e+09,2.386e+09,-0.047,34
"38","BBT",2009-06-30,1.43e+09,NA,NA,NA
"39","BBT",2009-09-30,1.468e+09,NA,NA,NA
"40","BBT",2009-12-31,1.568e+09,NA,NA,NA
"41","BBT",2010-03-31,1.583e+09,NA,NA,NA
"42","CFG",2016-09-30,1.294e+09,1.133e+09,0.142,1
"43","CFG",2017-03-31,1.288e+09,1.143e+09,0.127,2
"44","CFG",2017-06-30,1.326e+09,1.188e+09,0.116,3
"45","CFG",2017-12-31,1.401e+09,1.261e+09,0.111,4
"46","CFG",2016-12-31,1.261e+09,1.141e+09,0.105,5
"47","CFG",2019-03-31,1.503e+09,1.384e+09,0.086,6
"48","CFG",2018-09-30,1.486e+09,1.371e+09,0.084,7
"49","CFG",2014-12-31,1.107e+09,1.026e+09,0.079,8
"50","CFG",2015-03-31,1.125e+09,1.045e+09,0.077,9
"51","CFG",2018-12-31,1.508e+09,1.401e+09,0.076,10
"52","CFG",2014-09-30,1.084e+09,1.008e+09,0.075,11
"53","CFG",2018-03-31,1.384e+09,1.288e+09,0.075,11
"54","CFG",2018-06-30,1.424e+09,1.326e+09,0.074,12
"55","CFG",2017-09-30,1.371e+09,1.294e+09,0.06,13
"56","CFG",2016-06-30,1.188e+09,1.123e+09,0.058,14
"57","CFG",2015-09-30,1.133e+09,1.084e+09,0.045,15
"58","CFG",2015-12-31,1.141e+09,1.107e+09,0.031,16
"59","CFG",2016-03-31,1.143e+09,1.125e+09,0.016,17
"60","CFG",2015-06-30,1.123e+09,1.424e+09,-0.211,18
"61","CFG",2013-09-30,1.008e+09,NA,NA,NA
"62","CFG",2013-12-31,1.026e+09,NA,NA,NA
"63","CFG",2014-03-31,1.045e+09,NA,NA,NA
"64","CFG",2014-06-30,1.424e+09,NA,NA,NA
"65","CMA",2010-12-31,5.65e+08,3.54e+08,0.596,1
"66","CMA",2017-03-31,7.25e+08,5.43e+08,0.335,2
"67","CMA",2011-03-31,5.53e+08,4.34e+08,0.274,3
"68","CMA",2010-06-30,4.9e+08,3.88e+08,0.263,4
"69","CMA",2011-09-30,5.89e+08,4.68e+08,0.259,5
"70","CMA",2010-09-30,4.68e+08,3.89e+08,0.203,6
"71","CMA",2017-12-31,8.13e+08,6.87e+08,0.183,7
"72","CMA",2012-06-30,6.27e+08,5.48e+08,0.144,8
"73","CMA",2017-06-30,7.59e+08,6.64e+08,0.143,9
"74","CMA",2018-06-30,8.67e+08,7.59e+08,0.142,10
"75","CMA",2012-03-31,6.26e+08,5.53e+08,0.132,11
"76","CMA",2017-09-30,7.97e+08,7.06e+08,0.129,12
"77","CMA",2011-06-30,5.48e+08,4.9e+08,0.118,13
"78","CMA",2019-03-31,8.57e+08,7.81e+08,0.097,14
"79","CMA",2012-12-31,6.64e+08,6.08e+08,0.092,15
"80","CMA",2018-03-31,7.81e+08,7.25e+08,0.077,16
"81","CMA",2011-12-31,6.08e+08,5.65e+08,0.076,17
"82","CMA",2016-09-30,7.06e+08,6.56e+08,0.076,17
"83","CMA",2016-12-31,6.87e+08,6.39e+08,0.075,18
"84","CMA",2015-03-31,6.51e+08,6.09e+08,0.069,19
"85","CMA",2015-09-30,6.56e+08,6.24e+08,0.051,20
"86","CMA",2016-06-30,6.64e+08,6.32e+08,0.051,20
"87","CMA",2013-09-30,6.32e+08,6.02e+08,0.05,21
"88","CMA",2018-09-30,8.33e+08,7.97e+08,0.045,22
"89","CMA",2018-12-31,8.48e+08,8.13e+08,0.043,23
"90","CMA",2012-09-30,6.02e+08,5.89e+08,0.022,24
"91","CMA",2015-12-31,6.39e+08,6.27e+08,0.019,25
"92","CMA",2015-06-30,6.32e+08,6.25e+08,0.011,26
"93","CMA",2014-06-30,6.25e+08,6.23e+08,0.003,27
"94","CMA",2013-06-30,6.23e+08,6.27e+08,-0.006,28
"95","CMA",2014-03-31,6.09e+08,6.13e+08,-0.007,29
"96","CMA",2014-09-30,6.24e+08,6.32e+08,-0.013,30
"97","CMA",2014-12-31,6.27e+08,6.4e+08,-0.02,31
"98","CMA",2013-03-31,6.13e+08,6.26e+08,-0.021,32
"99","CMA",2013-12-31,6.4e+08,6.64e+08,-0.036,33
"100","CMA",2019-06-30,8.09e+08,8.67e+08,-0.067,34
"101","CMA",2016-03-31,5.43e+08,6.51e+08,-0.166,35
"102","CMA",2009-06-30,3.88e+08,NA,NA,NA
"103","CMA",2009-09-30,3.89e+08,NA,NA,NA
"104","CMA",2009-12-31,3.54e+08,NA,NA,NA
"105","CMA",2010-03-31,4.34e+08,NA,NA,NA
"106","FITB",2010-12-31,1.403e+09,7.53e+08,0.863,1
"107","FITB",2010-09-30,1.282e+09,7.68e+08,0.669,2
"108","FITB",2017-09-30,2.464e+09,1.667e+09,0.478,3
"109","FITB",2011-03-31,1.295e+09,9.34e+08,0.387,4
"110","FITB",2018-03-31,1.892e+09,1.382e+09,0.369,5
"111","FITB",2015-12-31,1.909e+09,1.436e+09,0.329,6
"112","FITB",2013-06-30,1.876e+09,1.502e+09,0.249,7
"113","FITB",2012-03-31,1.576e+09,1.295e+09,0.217,8
"114","FITB",2012-12-31,1.703e+09,1.411e+09,0.207,9
"115","FITB",2011-06-30,1.407e+09,1.177e+09,0.195,10
"116","FITB",2018-06-30,1.73e+09,1.451e+09,0.192,11
"117","FITB",2011-09-30,1.476e+09,1.282e+09,0.151,12
"118","FITB",2016-09-30,1.667e+09,1.458e+09,0.143,13
"119","FITB",2019-03-31,2.093e+09,1.892e+09,0.106,14
"120","FITB",2015-09-30,1.458e+09,1.352e+09,0.078,15
"121","FITB",2012-06-30,1.502e+09,1.407e+09,0.068,16
"122","FITB",2018-12-31,1.561e+09,1.464e+09,0.066,17
"123","FITB",2013-09-30,1.563e+09,1.509e+09,0.036,18
"124","FITB",2016-06-30,1.41e+09,1.364e+09,0.034,19
"125","FITB",2017-06-30,1.451e+09,1.41e+09,0.029,20
"126","FITB",2012-09-30,1.509e+09,1.476e+09,0.022,21
"127","FITB",2015-03-31,1.408e+09,1.388e+09,0.014,22
"128","FITB",2016-03-31,1.421e+09,1.408e+09,0.009,23
"129","FITB",2011-12-31,1.411e+09,1.403e+09,0.006,24
"130","FITB",2013-03-31,1.569e+09,1.576e+09,-0.004,25
"131","FITB",2017-12-31,1.464e+09,1.47e+09,-0.004,25
"132","FITB",2017-03-31,1.382e+09,1.421e+09,-0.027,26
"133","FITB",2014-12-31,1.436e+09,1.55e+09,-0.074,27
"134","FITB",2013-12-31,1.55e+09,1.703e+09,-0.09,28
"135","FITB",2014-03-31,1.388e+09,1.569e+09,-0.115,29
"136","FITB",2015-06-30,1.364e+09,1.56e+09,-0.126,30
"137","FITB",2014-09-30,1.352e+09,1.563e+09,-0.135,31
"138","FITB",2014-06-30,1.56e+09,1.876e+09,-0.168,32
"139","FITB",2016-12-31,1.47e+09,1.909e+09,-0.23,33
"140","FITB",2018-09-30,1.52e+09,2.464e+09,-0.383,34
"141","FITB",2010-06-30,1.177e+09,2.373e+09,-0.504,35
"142","FITB",2009-06-30,2.373e+09,NA,NA,NA
"143","FITB",2009-09-30,7.68e+08,NA,NA,NA
"144","FITB",2009-12-31,7.53e+08,NA,NA,NA
"145","FITB",2010-03-31,9.34e+08,NA,NA,NA
"146","HBAN",2010-09-30,557945000,143735000,2.882,1
"147","HBAN",2010-06-30,475893000,202137000,1.354,2
"148","HBAN",2011-03-31,591890000,399737000,0.481,3
"149","HBAN",2017-06-30,1.045e+09,752484000,0.389,4
"150","HBAN",2017-03-31,9.74e+08,717351000,0.358,5
"151","HBAN",2016-12-31,994165000,733145000,0.356,6
"152","HBAN",2011-06-30,623307000,475893000,0.31,7
"153","HBAN",2017-09-30,1.045e+09,8.64e+08,0.209,8
"154","HBAN",2016-09-30,8.64e+08,726098000,0.19,9
"155","HBAN",2012-12-31,700712000,599086000,0.17,10
"156","HBAN",2012-03-31,668123000,591890000,0.129,11
"157","HBAN",2011-09-30,621451000,557945000,0.114,12
"158","HBAN",2015-06-30,752040000,680730000,0.105,13
"159","HBAN",2014-12-31,704036000,656210000,0.073,14
"160","HBAN",2019-06-30,1.127e+09,1.064e+09,0.059,15
"161","HBAN",2016-03-31,717351000,678717000,0.057,16
"162","HBAN",2018-12-31,1.102e+09,1.044e+09,0.056,17
"163","HBAN",2019-03-31,1.074e+09,1.018e+09,0.055,18
"164","HBAN",2015-09-30,726098000,689204000,0.054,19
"165","HBAN",2012-09-30,654361000,621451000,0.053,20
"166","HBAN",2017-12-31,1.044e+09,994165000,0.05,21
"167","HBAN",2018-03-31,1.018e+09,9.74e+08,0.045,22
"168","HBAN",2014-06-30,680730000,652134000,0.044,23
"169","HBAN",2018-09-30,1.091e+09,1.045e+09,0.044,23
"170","HBAN",2015-12-31,733145000,704036000,0.041,24
"171","HBAN",2012-06-30,646261000,623307000,0.037,25
"172","HBAN",2014-09-30,689204000,667219000,0.033,26
"173","HBAN",2015-03-31,678717000,661361000,0.026,27
"174","HBAN",2013-09-30,667219000,654361000,0.02,28
"175","HBAN",2018-06-30,1.064e+09,1.045e+09,0.018,29
"176","HBAN",2014-03-31,661361000,651196000,0.016,30
"177","HBAN",2011-12-31,599086000,592541000,0.011,31
"178","HBAN",2013-06-30,652134000,646261000,0.009,32
"179","HBAN",2016-06-30,752484000,752040000,0.001,33
"180","HBAN",2013-03-31,651196000,668123000,-0.025,34
"181","HBAN",2013-12-31,656210000,700712000,-0.064,35
"182","HBAN",2010-12-31,592541000,-275382000,-3.152,36
"183","HBAN",2009-06-30,202137000,NA,NA,NA
"184","HBAN",2009-09-30,143735000,NA,NA,NA
"185","HBAN",2009-12-31,-275382000,NA,NA,NA
"186","HBAN",2010-03-31,399737000,NA,NA,NA
"187","KEY",2010-09-30,1.032e+09,2.41e+08,3.282,1
"188","KEY",2010-12-31,1.252e+09,3.43e+08,2.65,2
"189","KEY",2010-06-30,8.81e+08,4.52e+08,0.949,3
"190","KEY",2011-03-31,1.094e+09,6.62e+08,0.653,4
"191","KEY",2017-06-30,1.56e+09,1.018e+09,0.532,5
"192","KEY",2017-03-31,1.432e+09,9.46e+08,0.514,6
"193","KEY",2016-12-31,1.49e+09,1.042e+09,0.43,7
"194","KEY",2016-09-30,1.27e+09,1.016e+09,0.25,8
"195","KEY",2017-09-30,1.489e+09,1.27e+09,0.172,9
"196","KEY",2011-06-30,1.026e+09,8.81e+08,0.165,10
"197","KEY",2012-12-31,9.83e+08,8.73e+08,0.126,11
"198","KEY",2015-09-30,1.016e+09,9.73e+08,0.044,12
"199","KEY",2014-03-31,9.94e+08,9.53e+08,0.043,13
"200","KEY",2014-12-31,1.05e+09,1.009e+09,0.041,14
"201","KEY",2017-12-31,1.545e+09,1.49e+09,0.037,15
"202","KEY",2018-03-31,1.484e+09,1.432e+09,0.036,16
"203","KEY",2014-06-30,1.016e+09,9.82e+08,0.035,17
"204","KEY",2018-09-30,1.533e+09,1.489e+09,0.03,18
"205","KEY",2013-09-30,1.009e+09,9.81e+08,0.029,19
"206","KEY",2018-12-31,1.586e+09,1.545e+09,0.027,20
"207","KEY",2013-12-31,1.009e+09,9.83e+08,0.026,21
"208","KEY",2015-06-30,1.031e+09,1.016e+09,0.015,22
"209","KEY",2018-06-30,1.575e+09,1.56e+09,0.01,23
"210","KEY",2013-06-30,9.82e+08,9.74e+08,0.008,24
"211","KEY",2013-03-31,9.53e+08,9.53e+08,0,25
"212","KEY",2015-12-31,1.042e+09,1.05e+09,-0.008,26
"213","KEY",2011-09-30,1.022e+09,1.032e+09,-0.01,27
"214","KEY",2016-06-30,1.018e+09,1.031e+09,-0.013,28
"215","KEY",2015-03-31,9.73e+08,9.94e+08,-0.021,29
"216","KEY",2019-03-31,1.451e+09,1.484e+09,-0.022,30
"217","KEY",2016-03-31,9.46e+08,9.73e+08,-0.028,31
"218","KEY",2019-06-30,1.529e+09,1.575e+09,-0.029,32
"219","KEY",2014-09-30,9.73e+08,1.009e+09,-0.036,33
"220","KEY",2012-09-30,9.81e+08,1.022e+09,-0.04,34
"221","KEY",2012-06-30,9.74e+08,1.026e+09,-0.051,35
"222","KEY",2012-03-31,9.53e+08,1.094e+09,-0.129,36
"223","KEY",2011-12-31,8.73e+08,1.252e+09,-0.303,37
"224","KEY",2009-06-30,4.52e+08,NA,NA,NA
"225","KEY",2009-09-30,2.41e+08,NA,NA,NA
"226","KEY",2009-12-31,3.43e+08,NA,NA,NA
"227","KEY",2010-03-31,6.62e+08,NA,NA,NA
"228","MTB",2011-06-30,1024858000,755784000,0.356,1
"229","MTB",2011-12-31,942485000,776035000,0.214,2
"230","MTB",2011-09-30,927101000,766767000,0.209,3
"231","MTB",2010-06-30,755784000,626216000,0.207,4
"232","MTB",2016-09-30,1302690000,1088526000,0.197,5
"233","MTB",2012-03-31,948112000,808224000,0.173,6
"234","MTB",2016-03-31,1243897000,1061791000,0.172,7
"235","MTB",2013-06-30,1129276000,979633000,0.153,8
"236","MTB",2012-09-30,1062455000,927101000,0.146,9
"237","MTB",2010-12-31,776035000,679609000,0.142,10
"238","MTB",2010-09-30,766767000,671881000,0.141,11
"239","MTB",2011-03-31,808224000,709040000,0.14,12
"240","MTB",2012-12-31,1071586000,942485000,0.137,13
"241","MTB",2017-12-31,1424503000,1279223000,0.114,14
"242","MTB",2016-06-30,1280073000,1150155000,0.113,15
"243","MTB",2013-03-31,1050932000,948112000,0.108,16
"244","MTB",2019-03-31,1528825000,1391213000,0.099,17
"245","MTB",2015-12-31,1197152000,1100483000,0.088,18
"246","MTB",2016-12-31,1279223000,1197152000,0.069,19
"247","MTB",2018-03-31,1391213000,1306105000,0.065,20
"248","MTB",2017-09-30,1386563000,1302690000,0.064,21
"249","MTB",2018-06-30,1431201000,1347016000,0.062,22
"250","MTB",2018-09-30,1472332000,1386563000,0.062,22
"251","MTB",2018-12-31,1501556000,1424503000,0.054,23
"252","MTB",2017-06-30,1347016000,1280073000,0.052,24
"253","MTB",2015-06-30,1150155000,1095526000,0.05,25
"254","MTB",2017-03-31,1306105000,1243897000,0.05,25
"255","MTB",2013-09-30,1102496000,1062455000,0.038,26
"256","MTB",2014-12-31,1100483000,1070730000,0.028,27
"257","MTB",2015-03-31,1061791000,1044540000,0.017,28
"258","MTB",2013-12-31,1070730000,1071586000,-0.001,29
"259","MTB",2015-09-30,1088526000,1091170000,-0.002,30
"260","MTB",2014-03-31,1044540000,1050932000,-0.006,31
"261","MTB",2014-09-30,1091170000,1102496000,-0.01,32
"262","MTB",2014-06-30,1095526000,1129276000,-0.03,33
"263","MTB",2012-06-30,979633000,1024858000,-0.044,34
"264","MTB",2009-06-30,626216000,NA,NA,NA
"265","MTB",2009-09-30,671881000,NA,NA,NA
"266","MTB",2009-12-31,679609000,NA,NA,NA
"267","MTB",2010-03-31,709040000,NA,NA,NA
"268","PNC",2012-09-30,4.088e+09,3.544e+09,0.153,1
"269","PNC",2012-12-31,4.069e+09,3.549e+09,0.147,2
"270","PNC",2013-06-30,4.064e+09,3.623e+09,0.122,3
"271","PNC",2017-12-31,4.26e+09,3.874e+09,0.1,4
"272","PNC",2017-09-30,4.125e+09,3.829e+09,0.077,5
"273","PNC",2017-06-30,4.06e+09,3.794e+09,0.07,6
"274","PNC",2018-06-30,4.324e+09,4.06e+09,0.065,7
"275","PNC",2013-03-31,3.955e+09,3.732e+09,0.06,8
"276","PNC",2017-03-31,3.884e+09,3.665e+09,0.06,8
"277","PNC",2018-03-31,4.111e+09,3.884e+09,0.058,9
"278","PNC",2018-09-30,4.357e+09,4.125e+09,0.056,10
"279","PNC",2019-03-31,4.286e+09,4.111e+09,0.043,11
"280","PNC",2010-06-30,3.912e+09,3.803e+09,0.029,12
"281","PNC",2012-03-31,3.732e+09,3.631e+09,0.028,13
"282","PNC",2019-06-30,4.439e+09,4.324e+09,0.027,14
"283","PNC",2018-12-31,4.34e+09,4.26e+09,0.019,15
"284","PNC",2015-06-30,3.866e+09,3.81e+09,0.015,16
"285","PNC",2016-09-30,3.829e+09,3.775e+09,0.014,17
"286","PNC",2012-06-30,3.623e+09,3.602e+09,0.006,18
"287","PNC",2016-12-31,3.874e+09,3.853e+09,0.005,19
"288","PNC",2013-12-31,4.073e+09,4.069e+09,0.001,20
"289","PNC",2015-03-31,3.731e+09,3.777e+09,-0.012,21
"290","PNC",2011-09-30,3.544e+09,3.598e+09,-0.015,22
"291","PNC",2015-09-30,3.775e+09,3.841e+09,-0.017,23
"292","PNC",2016-03-31,3.665e+09,3.731e+09,-0.018,24
"293","PNC",2016-06-30,3.794e+09,3.866e+09,-0.019,25
"294","PNC",2014-09-30,3.841e+09,3.92e+09,-0.02,26
"295","PNC",2015-12-31,3.853e+09,3.947e+09,-0.024,27
"296","PNC",2014-12-31,3.947e+09,4.073e+09,-0.031,28
"297","PNC",2011-03-31,3.631e+09,3.763e+09,-0.035,29
"298","PNC",2013-09-30,3.92e+09,4.088e+09,-0.041,30
"299","PNC",2014-03-31,3.777e+09,3.955e+09,-0.045,31
"300","PNC",2014-06-30,3.81e+09,4.064e+09,-0.062,32
"301","PNC",2010-09-30,3.598e+09,3.853e+09,-0.066,33
"302","PNC",2011-06-30,3.602e+09,3.912e+09,-0.079,34
"303","PNC",2011-12-31,3.549e+09,3.903e+09,-0.091,35
"304","PNC",2010-12-31,3.903e+09,4.886e+09,-0.201,36
"305","PNC",2009-06-30,3.803e+09,NA,NA,NA
"306","PNC",2009-09-30,3.853e+09,NA,NA,NA
"307","PNC",2009-12-31,4.886e+09,NA,NA,NA
"308","PNC",2010-03-31,3.763e+09,NA,NA,NA
"309","STI",2010-09-30,1.67e+09,778580000,1.145,1
"310","STI",2010-12-31,1.786e+09,945031000,0.89,2
"311","STI",2012-09-30,3.363e+09,1.819e+09,0.849,3
"312","STI",2011-03-31,1.685e+09,1.008e+09,0.672,4
"313","STI",2010-06-30,1.468e+09,1199151000,0.224,5
"314","STI",2011-06-30,1.779e+09,1.468e+09,0.212,6
"315","STI",2012-12-31,1.933e+09,1.69e+09,0.144,7
"316","STI",2012-03-31,1.87e+09,1.685e+09,0.11,8
"317","STI",2011-09-30,1.819e+09,1.67e+09,0.089,9
"318","STI",2014-06-30,2.093e+09,1.923e+09,0.088,10
"319","STI",2012-06-30,1.914e+09,1.779e+09,0.076,11
"320","STI",2018-06-30,2.285e+09,2.14e+09,0.068,12
"321","STI",2017-03-31,2.094e+09,1.962e+09,0.067,13
"322","STI",2017-12-31,2.189e+09,2.057e+09,0.064,14
"323","STI",2014-09-30,1.902e+09,1.793e+09,0.061,15
"324","STI",2016-09-30,2.1e+09,1.99e+09,0.055,16
"325","STI",2018-03-31,2.209e+09,2.094e+09,0.055,16
"326","STI",2016-12-31,2.057e+09,1.96e+09,0.049,17
"327","STI",2017-06-30,2.14e+09,2.04e+09,0.049,17
"328","STI",2015-09-30,1.99e+09,1.902e+09,0.046,18
"329","STI",2018-12-31,2.278e+09,2.189e+09,0.041,19
"330","STI",2018-09-30,2.233e+09,2.156e+09,0.036,20
"331","STI",2016-03-31,1.962e+09,1.902e+09,0.032,21
"332","STI",2017-09-30,2.156e+09,2.1e+09,0.027,22
"333","STI",2015-12-31,1.96e+09,1.932e+09,0.014,23
"334","STI",2016-06-30,2.04e+09,2.015e+09,0.012,24
"335","STI",2014-03-31,1.893e+09,1.872e+09,0.011,25
"336","STI",2013-06-30,1.923e+09,1.914e+09,0.005,26
"337","STI",2015-03-31,1.902e+09,1.893e+09,0.005,26
"338","STI",2014-12-31,1.932e+09,1.926e+09,0.003,27
"339","STI",2013-03-31,1.872e+09,1.87e+09,0.001,28
"340","STI",2013-12-31,1.926e+09,1.933e+09,-0.004,29
"341","STI",2019-03-31,2.175e+09,2.209e+09,-0.015,30
"342","STI",2015-06-30,2.015e+09,2.093e+09,-0.037,31
"343","STI",2011-12-31,1.69e+09,1.786e+09,-0.054,32
"344","STI",2013-09-30,1.793e+09,3.363e+09,-0.467,33
"345","STI",2009-06-30,1199151000,NA,NA,NA
"346","STI",2009-09-30,778580000,NA,NA,NA
"347","STI",2009-12-31,945031000,NA,NA,NA
"348","STI",2010-03-31,1.008e+09,NA,NA,NA
"349","USB",2010-09-30,3.539e+09,2.744e+09,0.29,1
"350","USB",2010-12-31,3.756e+09,2.938e+09,0.278,2
"351","USB",2011-03-31,3.709e+09,2.96e+09,0.253,3
"352","USB",2010-06-30,3.328e+09,2.714e+09,0.226,4
"353","USB",2011-06-30,4.062e+09,3.328e+09,0.221,5
"354","USB",2011-12-31,4.551e+09,3.756e+09,0.212,6
"355","USB",2011-09-30,4.218e+09,3.539e+09,0.192,7
"356","USB",2012-03-31,4.392e+09,3.709e+09,0.184,8
"357","USB",2012-06-30,4.543e+09,4.062e+09,0.118,9
"358","USB",2012-09-30,4.634e+09,4.218e+09,0.099,10
"359","USB",2016-06-30,5.07e+09,4.707e+09,0.077,11
"360","USB",2017-12-31,5.21e+09,4.895e+09,0.064,12
"361","USB",2014-06-30,4.809e+09,4.53e+09,0.062,13
"362","USB",2014-12-31,4.826e+09,4.556e+09,0.059,14
"363","USB",2017-03-31,4.894e+09,4.654e+09,0.052,15
"364","USB",2018-06-30,5.284e+09,5.047e+09,0.047,16
"365","USB",2018-12-31,5.433e+09,5.21e+09,0.043,17
"366","USB",2016-09-30,5.013e+09,4.812e+09,0.042,18
"367","USB",2018-03-31,5.099e+09,4.894e+09,0.042,18
"368","USB",2015-09-30,4.812e+09,4.623e+09,0.041,19
"369","USB",2018-09-30,5.326e+09,5.156e+09,0.033,20
"370","USB",2015-03-31,4.588e+09,4.452e+09,0.031,21
"371","USB",2017-09-30,5.156e+09,5.013e+09,0.029,22
"372","USB",2019-06-30,5.43e+09,5.284e+09,0.028,23
"373","USB",2014-09-30,4.623e+09,4.537e+09,0.019,24
"374","USB",2019-03-31,5.173e+09,5.099e+09,0.015,25
"375","USB",2012-12-31,4.613e+09,4.551e+09,0.014,26
"376","USB",2016-03-31,4.654e+09,4.588e+09,0.014,26
"377","USB",2014-03-31,4.452e+09,4.415e+09,0.008,27
"378","USB",2016-12-31,4.895e+09,4.854e+09,0.008,27
"379","USB",2015-12-31,4.854e+09,4.826e+09,0.006,28
"380","USB",2013-03-31,4.415e+09,4.392e+09,0.005,29
"381","USB",2013-06-30,4.53e+09,4.543e+09,-0.003,30
"382","USB",2017-06-30,5.047e+09,5.07e+09,-0.005,31
"383","USB",2013-12-31,4.556e+09,4.613e+09,-0.012,32
"384","USB",2013-09-30,4.537e+09,4.634e+09,-0.021,33
"385","USB",2015-06-30,4.707e+09,4.809e+09,-0.021,33
"386","USB",2009-06-30,2.714e+09,NA,NA,NA
"387","USB",2009-09-30,2.744e+09,NA,NA,NA
"388","USB",2009-12-31,2.938e+09,NA,NA,NA
"389","USB",2010-03-31,2.96e+09,NA,NA,NA
"390","WFC",2011-03-31,1.8119e+10,1.6118e+10,0.124,1
"391","WFC",2010-12-31,1.8505e+10,1.6783e+10,0.103,2
"392","WFC",2012-09-30,1.9622e+10,1.7817e+10,0.101,3
"393","WFC",2012-03-31,1.9641e+10,1.8119e+10,0.084,4
"394","WFC",2012-12-31,2.0117e+10,1.8565e+10,0.084,4
"395","WFC",2010-09-30,1.7429e+10,1.6355e+10,0.066,5
"396","WFC",2011-06-30,1.8548e+10,1.7405e+10,0.066,5
"397","WFC",2013-06-30,2.0726e+10,1.9489e+10,0.063,6
"398","WFC",2012-06-30,1.9489e+10,1.8548e+10,0.051,7
"399","WFC",2013-09-30,2.0403e+10,1.9622e+10,0.04,8
"400","WFC",2014-12-31,2.0958e+10,2.0302e+10,0.032,9
"401","WFC",2017-12-31,2.1399e+10,2.0777e+10,0.03,10
"402","WFC",2017-06-30,2.168e+10,2.1088e+10,0.028,11
"403","WFC",2017-03-31,2.165e+10,2.1109e+10,0.026,12
"404","WFC",2011-09-30,1.7817e+10,1.7429e+10,0.022,13
"405","WFC",2014-09-30,2.0845e+10,2.0403e+10,0.022,13
"406","WFC",2016-03-31,2.1109e+10,2.067e+10,0.021,14
"407","WFC",2013-03-31,2.004e+10,1.9641e+10,0.02,15
"408","WFC",2015-03-31,2.067e+10,2.03e+10,0.018,16
"409","WFC",2016-09-30,2.1523e+10,2.1172e+10,0.017,17
"410","WFC",2015-09-30,2.1172e+10,2.0845e+10,0.016,18
"411","WFC",2014-03-31,2.03e+10,2.004e+10,0.013,19
"412","WFC",2018-09-30,2.1361e+10,2.1132e+10,0.011,20
"413","WFC",2013-12-31,2.0302e+10,2.0117e+10,0.009,21
"414","WFC",2015-06-30,2.1018e+10,2.0849e+10,0.008,22
"415","WFC",2014-06-30,2.0849e+10,2.0726e+10,0.006,23
"416","WFC",2018-03-31,2.1743e+10,2.165e+10,0.004,24
"417","WFC",2011-12-31,1.8565e+10,1.8505e+10,0.003,25
"418","WFC",2016-06-30,2.1088e+10,2.1018e+10,0.003,25
"419","WFC",2016-12-31,2.0777e+10,2.0755e+10,0.001,26
"420","WFC",2010-06-30,1.7405e+10,1.7421e+10,-0.001,27
"421","WFC",2015-12-31,2.0755e+10,2.0958e+10,-0.01,28
"422","WFC",2017-09-30,2.1132e+10,2.1523e+10,-0.018,29
"423","WFC",2018-06-30,2.1101e+10,2.168e+10,-0.027,30
"424","WFC",2018-12-31,2.0459e+10,2.1399e+10,-0.044,31
"425","WFC",2019-03-31,2.0764e+10,2.1743e+10,-0.045,32
"426","WFC",2009-06-30,1.7421e+10,NA,NA,NA
"427","WFC",2009-09-30,1.6355e+10,NA,NA,NA
"428","WFC",2009-12-31,1.6783e+10,NA,NA,NA
"429","WFC",2010-03-31,1.6118e+10,NA,NA,NA
"430","ZION",2010-12-31,346310000,132057000,1.622,1
"431","ZION",2010-09-30,377407000,176990000,1.132,2
"432","ZION",2011-06-30,543191000,294096000,0.847,3
"433","ZION",2011-03-31,497999000,297345000,0.675,4
"434","ZION",2011-12-31,561563000,346310000,0.622,5
"435","ZION",2011-09-30,577084000,377407000,0.529,6
"436","ZION",2016-06-30,5.56e+08,418456000,0.329,7
"437","ZION",2014-12-31,532314000,431423000,0.234,8
"438","ZION",2018-03-31,7.27e+08,5.98e+08,0.216,9
"439","ZION",2017-06-30,6.53e+08,5.56e+08,0.174,10
"440","ZION",2017-03-31,5.98e+08,5.28e+08,0.133,11
"441","ZION",2016-12-31,6.11e+08,544307000,0.123,12
"442","ZION",2016-09-30,5.95e+08,533059000,0.116,13
"443","ZION",2017-12-31,6.77e+08,6.11e+08,0.108,14
"444","ZION",2017-09-30,6.56e+08,5.95e+08,0.103,15
"445","ZION",2018-09-30,7.12e+08,6.56e+08,0.085,16
"446","ZION",2014-09-30,587533000,543284000,0.081,17
"447","ZION",2012-03-31,533634000,497999000,0.072,18
"448","ZION",2013-03-31,568369000,533634000,0.065,19
"449","ZION",2013-06-30,577795000,544156000,0.062,20
"450","ZION",2018-12-31,7.09e+08,6.77e+08,0.047,21
"451","ZION",2018-06-30,6.81e+08,6.53e+08,0.043,22
"452","ZION",2014-06-30,595549000,577795000,0.031,23
"453","ZION",2015-12-31,544307000,532314000,0.023,24
"454","ZION",2012-06-30,544156000,543191000,0.002,25
"455","ZION",2016-03-31,5.28e+08,536178000,-0.015,26
"456","ZION",2012-09-30,565276000,577084000,-0.02,27
"457","ZION",2014-03-31,555394000,568369000,-0.023,28
"458","ZION",2019-03-31,7.04e+08,7.27e+08,-0.032,29
"459","ZION",2015-03-31,536178000,555394000,-0.035,30
"460","ZION",2013-09-30,543284000,565276000,-0.039,31
"461","ZION",2015-09-30,533059000,587533000,-0.093,32
"462","ZION",2012-12-31,494517000,561563000,-0.119,33
"463","ZION",2013-12-31,431423000,494517000,-0.128,34
"464","ZION",2010-06-30,294096000,343770000,-0.144,35
"465","ZION",2015-06-30,418456000,595549000,-0.297,36
"466","ZION",2009-06-30,343770000,NA,NA,NA
"467","ZION",2009-09-30,176990000,NA,NA,NA
"468","ZION",2009-12-31,132057000,NA,NA,NA
"469","ZION",2010-03-31,297345000,NA,NA,NA
